Data,Otwarcie,Zamknięcie,Maks.,Min.,Obrót (mln. zł),Zmiana (%)
2023-03-03,314,316.2,317,311.8,3.25,-2.35
2023-03-01,326.4,323.8,327.8,319,8.89,-1.28
2023-02-28,316,328,329.2,315.4,18.53,3.8
2023-02-27,320.8,316,321.4,316,3.1,-0.5
2023-02-24,315,317.6,319.2,313.2,5.41,1.15
2023-02-23,312,314,315,310,4.81,0.64
2023-02-22,318.2,312,318.2,310,8.68,-0.83
2023-02-21,320.6,314.6,320.6,310.4,6.5,-1.44
2023-02-20,322.8,319.2,322.8,314.2,5.41,-0.87
2023-02-17,323.8,322,326,315,19.16,-1.59
2023-02-16,321.6,327.2,327.8,302.2,54.72,1.8
2023-02-15,320,321.4,325,317,29.08,0.44
2023-02-14,315,320,320.8,313.4,15.51,2.24
2023-02-13,310,313,316,306.6,8.43,1.16
2023-02-10,321,309.4,322,305.8,12.78,-3.01
2023-02-09,320.6,319,328.2,318,12.13,0.31
2023-02-08,314,318,320,314,6.78,1.73
2023-02-07,315,312.6,319,311.6,5.98,0
2023-02-06,320,312.6,322.2,310.4,6.9,-2.31
2023-02-03,320.2,320,322.8,316.2,10.25,0.38
2023-02-02,320.4,318.8,323.6,313,9.26,1.27
2023-02-01,320,314.8,321.8,314,8.59,-0.94
2023-01-31,309,317.8,320.8,307.8,13.29,2.78
2023-01-30,310,309.2,313.6,306.2,9.12,-2.58
2023-01-27,325,317.4,325.8,316.2,8.6,-1.61
2023-01-26,317.8,322.6,324,309.8,9.33,2.94
2023-01-25,322.8,313.4,328.6,308.4,35.05,-4.74
2023-01-24,331.6,329,334,325.4,9.03,0.3
2023-01-23,335,328,335,325.2,13.48,-0.67
2023-01-20,335.2,330.2,338,328.6,10.8,-0.24
2023-01-19,330,331,334.8,324.6,10.9,-0.54
2023-01-18,335.2,332.8,342.8,329.2,12.38,-0.72
2023-01-17,351,335.2,351,333,22.25,-4.39
2023-01-16,344.2,350.6,351.8,332.2,16.81,2.04
2023-01-13,346.2,343.6,348,340,14.72,-0.23
2023-01-12,339,344.4,351,336.4,24.48,1.35
2023-01-11,358,339.8,360.8,339.4,30.05,-4.55
2023-01-10,345,356,359.6,341.4,18.27,3.19
2023-01-09,340,345,346.4,338.6,19.67,2.56
2023-01-05,332,336.4,344,328,27.05,0.72
2023-01-04,324,334,337.4,316,32.21,3.66
2023-01-03,297.4,322.2,328.2,297,31.69,8.34
2023-01-02,296,297.4,302.8,294,3.2,0.47
2022-12-30,296.6,296,298.2,292.4,10.24,-0.27
2022-12-29,293.8,296.8,298.4,288.2,8.13,1.3
2022-12-28,286,293,293.8,281.4,7.69,2.09
2022-12-27,300,287,302,285,7.37,-4.33
2022-12-23,303.6,300,303.6,295,8.51,-0.46
2022-12-22,295.6,301.4,308,294,13.48,2.8
2022-12-21,285,293.2,294.6,281.2,7.39,3.9
2022-12-20,277.6,282.2,284.8,272.8,9.2,1.07
2022-12-19,282,279.2,286,279.2,6.24,-0.71
2022-12-16,280,281.2,287,277.6,29.63,-1.33
2022-12-15,295,285,296.8,281.8,11.69,-3.39
2022-12-14,293,295,296.8,287.6,9.65,1.72
2022-12-13,290.8,290,298.6,285.2,26.3,0.21
2022-12-12,290.8,289.4,290.8,278.2,8.42,2.92
2022-12-09,289.8,281.2,290,280,14.14,-1.54
2022-12-08,296.2,285.6,296.2,282.2,11.24,-3.19
2022-12-07,295,295,300.6,291.8,10.32,-0.47
2022-12-06,307.8,296.4,307.8,295.4,7.44,-3.95
2022-12-05,312,308.6,314.2,307,10.4,-1.09
2022-12-02,316,312,317,311,13.04,-2.19
2022-12-01,320.8,319,324,316,10.32,1.21
2022-11-30,321.6,315.2,322,313.6,25.68,-0.25
2022-11-29,314,316,318,312.2,9.48,0.64
2022-11-28,322.8,314,324,314,11.82,-1.94
2022-11-25,320.2,320.2,320.2,320.2,0,0
2022-11-24,318.8,320.2,322.2,315.2,4.81,1.72
2022-11-23,316.6,314.8,322.2,311,6.57,0.77
2022-11-22,310,312.4,319,310,7.81,-0.45
2022-11-21,319.8,313.8,323.4,312.2,13.36,-2
2022-11-18,321.2,320.2,333,317.4,10.36,-2.26
2022-11-17,331.6,327.6,335,318.8,14.8,-1.15
2022-11-16,333,331.4,336.2,323.2,25.4,-1.13
2022-11-15,340.2,335.2,343.2,323,24.14,-1.35
2022-11-14,320,339.8,348,317.8,51.22,6.19
2022-11-10,311,320,326,300.4,29.46,2.5
2022-11-09,293,312.2,317.6,287.2,33.76,8.18
2022-11-08,276.2,288.6,296,270.2,19.04,4.64
2022-11-07,264,275.8,279.4,263,10.76,3.76
2022-11-04,264,265.8,268.4,259.8,9.78,1.92
2022-11-03,260,260.8,265,250.4,16.34,-3.34
2022-11-02,270,269.8,278,262.2,20.96,0.82
2022-10-31,255,267.6,268.8,254,14.46,4.94
2022-10-28,255.6,255,258.8,251.6,9.98,-0.23
2022-10-27,244.8,255.6,256,242.2,20.24,3.9
2022-10-26,239,246,247,238.2,12.51,2.93
2022-10-25,234.2,239,241.8,233,14.06,2.05
2022-10-24,233,234.2,235.6,222,19.56,2
2022-10-21,217,229.6,233,213,27.21,5.03
2022-10-20,204.8,218.6,218.8,199.3,14.62,7.16
2022-10-19,201,204,206.4,199.1,9.56,0.69
2022-10-18,190,202.6,205.8,190,18.27,8.81
2022-10-17,187.8,186.2,189.3,181.4,9.97,-1.12
2022-10-14,187.3,188.3,190.4,183.8,13.19,4.26
2022-10-13,182.1,180.6,186.6,175.2,11.59,-1.42
2022-10-12,186.5,183.2,187.5,181,8.19,-0.38
2022-10-11,185.1,183.9,190.5,179.5,13.03,-0.65
2022-10-10,194,185.1,194,185.1,17.74,-5.46
2022-10-07,199,195.8,204.6,193.1,13.38,-2.1
2022-10-06,205.4,200,212.8,198.6,11.45,-1.77
2022-10-05,209.4,203.6,209.6,202.8,10.14,-3.14
2022-10-04,199.8,210.2,210.2,198.1,15.97,7.57
2022-10-03,199.6,195.4,200.2,186.6,15.44,-2.5
2022-09-30,202.8,200.4,206.2,197,12.48,-1.38
2022-09-29,215,203.2,215.8,201.6,12.77,-5.49
2022-09-28,216,215,220.6,207,20.77,-4.36
2022-09-27,224.2,224.8,230.2,220.2,13.35,0.45
2022-09-26,227.8,223.8,231.6,218.2,10.83,-2.01
2022-09-23,249,228.4,249,224.2,12.21,-6.39
2022-09-22,242.6,244,248,225,7.62,-0.08
2022-09-21,248,244.2,250.4,242.4,7.63,-1.77
2022-09-20,254,248.6,257.6,247,12.88,-0.16
2022-09-19,248.6,249,254.4,246,5.26,-1.03
2022-09-16,256.8,251.6,261.8,245.6,19.84,-2.93
2022-09-15,264,259.2,265,254.2,10.3,-1.59
2022-09-14,253,263.4,264.8,253,12.67,3.62
2022-09-13,258,254.2,261.4,249.2,14.52,-0.7
2022-09-12,248,256,258.8,240,17.13,4.15
2022-09-09,232,245.8,248,232,11.04,7.9
2022-09-08,215,227.8,229.2,215,13.47,7.45
2022-09-07,214.8,212,214.8,206.6,9.83,-1.4
2022-09-06,220,215,221.4,211.8,10.16,-0.92
2022-09-05,216,217,221,211,5.28,0.65
2022-09-02,212,215.6,217.6,205,24.11,4.66
2022-09-01,213.2,206,214.8,205.4,12.35,-5.07
2022-08-31,211.8,217,220.4,209,12.94,1.78
2022-08-30,220,213.2,224.4,213.2,4.91,-1.93
2022-08-29,225,217.4,225,216.2,5.51,-4.23
2022-08-26,232,227,233.6,225.2,5.83,-2.16
2022-08-25,234.4,232,238.2,230,5.66,1.75
2022-08-24,235.6,228,235.6,226,8.39,-2.15
2022-08-23,234,233,238.8,231,10.55,-0.43
2022-08-22,241,234,242.2,229.8,9.91,-4.02
2022-08-19,249.4,243.8,253,242.6,12.53,-3.86
2022-08-18,245,253.6,256.6,242.8,13.25,3.09
2022-08-17,260,246,261.8,243.8,24.81,-4.73
2022-08-16,253,258.2,264,251.6,20.39,2.79
2022-08-12,247.2,251.2,253.2,245,10.07,2.7
2022-08-11,239,244.6,244.6,235.4,8.36,4
2022-08-10,230.2,235.2,241.8,224.6,15.21,1.03
2022-08-09,234.8,232.8,245.2,232,20.16,-0.85
2022-08-08,218,234.8,235,214.8,10.21,7.81
2022-08-05,215,217.8,221,213.2,10.07,0.83
2022-08-04,214.4,216,220,211.6,5.94,-0.09
2022-08-03,213.4,216.2,222.8,211,9.14,-1.82
2022-08-02,222.8,220.2,222.8,217.8,6.03,-1.17
2022-08-01,223,222.8,227.2,218.4,8.04,0.91
2022-07-29,217,220.8,222.2,211.8,9.98,4.94
2022-07-28,207,210.4,214.8,207,10.03,2.24
2022-07-27,206,205.8,208,203.2,8.38,0.78
2022-07-26,212,204.2,212.6,202.6,6.4,-4.04
2022-07-25,212,212.8,215,207.4,6.36,0.76
2022-07-22,219.8,211.2,219.8,210,5.65,-1.31
2022-07-21,210,214,217.6,205.6,10.92,2.39
2022-07-20,208,209,213,204,7.39,0.97
2022-07-19,199.6,207,207,197,7.31,3.4
2022-07-18,196.2,200.2,202,196.2,10.83,3.3
2022-07-15,193.2,193.8,198.7,190.1,11.11,0.94
2022-07-14,210.8,192,210.8,190.4,15.83,-7.69
2022-07-13,217,208,217.6,207.2,9.22,-4.15
2022-07-12,225.2,217,228,216.2,11.44,-4.82
2022-07-11,229.2,228,234.8,224.6,8.85,-3.14
2022-07-08,230.8,235.4,236.4,228.8,14.14,1.9
2022-07-07,220,231,232,220,8.91,5.38
2022-07-06,219.4,219.2,222,213,5.66,1.95
2022-07-05,226.8,215,229.6,212.2,7.22,-4.53
2022-07-04,236,225.2,236,218.2,10.58,-3.68
2022-07-01,224.8,233.8,236.6,224,7.2,4.1
2022-06-30,232,224.6,233,223.6,12.59,-4.51
2022-06-29,239.8,235.2,239.8,233,7.51,-1.92
2022-06-28,241,239.8,245,237.2,6.79,0.17
2022-06-27,242,239.4,245.6,236.4,8.67,0
2022-06-24,246,239.4,246,236,6.07,-0.75
2022-06-23,245,241.2,248.8,238.2,10.94,-1.63
2022-06-22,246,245.2,247.8,238.8,5.5,-0.81
2022-06-21,251,247.2,252,242.6,4.32,-0.32
2022-06-20,243.4,248,249.8,240,8.28,3.94
2022-06-17,234,238.6,245,231.4,19.1,-0.58
2022-06-15,238,240,243,233.2,9.59,2.83
2022-06-14,240,233.4,242,232,15.92,-0.26
2022-06-13,245.2,234,245.2,231.2,12.56,-6.47
2022-06-10,257,250.2,257.2,248,9.78,-2.34
2022-06-09,257,256.2,270.4,254.6,13.26,-1.08
2022-06-08,270.6,259,272.4,258.4,14.08,-4.15
2022-06-07,275.2,270.2,275.2,268.2,12.34,-3.43
2022-06-06,274.6,279.8,280.8,272.6,19.76,1.23
2022-06-03,281,276.4,285,272.8,16,-0.65
2022-06-02,278,278.2,285.8,274.4,8.8,-0.07
2022-06-01,278.6,278.4,283,272.4,16.1,0
2022-05-31,286.2,278.4,286.6,275.8,35.86,-2.73
2022-05-30,276,286.2,288.6,272,21.04,5.61
2022-05-27,274.8,271,274.8,268.4,6.52,-0.44
2022-05-26,270,272.2,273.8,262.6,13.17,1.87
2022-05-25,268,267.2,271,260.8,10.4,1.44
2022-05-24,275,263.4,281.2,256.2,33.29,-4.57
2022-05-23,265.2,276,277.6,265.2,8.9,5.59
2022-05-20,270,261.4,271,261,10.4,-1.28
2022-05-19,262.6,264.8,270.4,259.6,14.52,-1.93
2022-05-18,282,270,289,270,29.88,-1.6
2022-05-17,266,274.4,281.8,262.4,20.72,4.1
2022-05-16,276,263.6,282.2,260.8,24.57,-3.44
2022-05-13,270,273,275.4,265.2,11.66,5.08
2022-05-12,252.4,259.8,265.4,243.2,20.78,-1.22
2022-05-11,264,263,270.6,260.2,15.71,3.22
2022-05-10,261.8,254.8,263.4,247.4,18.53,-2.15
2022-05-09,270.4,260.4,270.4,260.2,9.45,-3.98
2022-05-06,276.8,271.2,279.8,265,17.66,-2.31
2022-05-05,293,277.6,295.8,277.4,12.54,-2.73
2022-05-04,297,285.4,297,285.4,12.39,-3.78
2022-05-02,300,296.6,301.4,284.8,9.37,-0.87
2022-04-29,301.6,299.2,310.6,296,19.19,1.22
2022-04-28,298.2,295.6,303.6,293.2,15.42,-0.14
2022-04-27,315.6,296,317,288.2,29.67,-7.33
2022-04-26,325.8,319.4,325.8,316,15.38,0.13
2022-04-25,336.8,319,341.6,318.6,25.45,-5.23
2022-04-22,336.6,336.6,336.6,336.6,0,0
2022-04-21,338.8,336.6,347,328.6,19.42,1.2
2022-04-20,341.4,332.6,345,332.6,15.5,-1.42
2022-04-19,345,337.4,345,331.2,14.64,-2.26
2022-04-18,345.2,345.2,345.2,345.2,0,0
2022-04-15,345.2,345.2,345.2,345.2,0,0
2022-04-14,345,345.2,347.8,340.6,7.61,0.29
2022-04-13,345.2,344.2,350,339.4,9.48,-0.35
2022-04-12,355,345.4,355,345.4,23.22,-3.25
2022-04-11,352,357,357,339.8,24.45,1.65
2022-04-08,372.8,351.2,372.8,349.6,24.88,-4.2
2022-04-07,366,366.6,373,359.8,20.54,2.4
2022-04-06,368,358,373.2,350.6,27.07,-1.97
2022-04-05,375.8,365.2,381,365,23.36,-2.35
2022-04-04,373.8,374,376.2,364.4,25.64,1.58
2022-04-01,356,368.2,372.8,354.2,31.66,4.25
2022-03-31,363.2,353.2,369.8,353.2,28.94,-2.7
2022-03-30,351.8,363,365,345.4,33.64,2.83
2022-03-29,337.8,353,353.8,326.4,52.14,6.97
2022-03-28,332.2,330,340.4,330,24.16,0.06
2022-03-25,343.8,329.8,343.8,324.2,20.79,-2.6
2022-03-24,341,338.6,344,332,18,-0.35
2022-03-23,341.4,339.8,346.4,337.8,29.34,0.95
2022-03-22,341,336.6,345,331.8,33.73,0.24
2022-03-21,351.4,335.8,355.6,331.4,37.24,-2.1
2022-03-18,372,343,375.8,343,61.65,-7.75
2022-03-17,367.2,371.8,382,359,43.03,1.81
2022-03-16,326,365.2,366.2,326,34.8,12.37
2022-03-15,328,325,333.6,320.2,18.65,-0.31
2022-03-14,339.8,326,343,322.8,22.52,-3.66
2022-03-11,342,338.4,349,332.8,20.54,-0.35
2022-03-10,372.4,339.6,372.4,332,15.03,-4.23
2022-03-09,340,354.6,357.8,333.2,23.12,8.64
2022-03-08,340,326.4,354.6,315.4,24.76,-2.86
2022-03-07,336,336,344.6,302.6,25.49,0
2022-03-04,360.4,336,360.4,330,20.76,-7.64
2022-03-03,371.8,363.8,371.8,342.4,28.79,-0.6
2022-03-02,395,366,395.6,360.2,39.69,-8.18
2022-03-01,410,398.6,428.6,392.2,36.21,-3.49
2022-02-28,379,413,413,361.2,34.11,6.12
2022-02-25,361,389.2,396.8,359.2,32.83,12.81
2022-02-24,358,345,374.8,331.8,36.89,-14.56
2022-02-23,430,403.8,439,401,13.58,-6.57
2022-02-22,420,432.2,442,399,17.46,1.41
2022-02-21,453.2,426.2,453.4,425,13.51,-6
2022-02-18,461.8,453.4,476.2,453,12.99,-3.53
2022-02-17,489.8,470,489.8,469,10.55,-2.89
2022-02-16,487.8,484,493.8,477.4,8.91,-0.33
2022-02-15,458.8,485.6,485.6,458.8,11.84,5.66
2022-02-14,463.6,459.6,464.4,447.4,14.36,-3.32
2022-02-11,478,475.4,479.8,465,7.92,-0.88
2022-02-10,487.6,479.6,493,475.2,7.9,-0.91
2022-02-09,494,484,494,479,9.96,-2.22
2022-02-08,482.2,495,495,478.4,9.03,2.7
2022-02-07,492.8,482,492.8,468.4,9.87,0
2022-02-04,494.4,482,494.4,479.8,10.58,-2.59
2022-02-03,486.6,494.8,497,484,11.9,1.6
2022-02-02,493,487,494.6,472.6,9.03,-0.57
2022-02-01,467,489.8,489.8,467,14.87,5.29
2022-01-31,453.8,465.2,466,453,9.2,2.02
2022-01-28,459.2,456,459.4,444,7.84,-0.44
2022-01-27,459,458,469.6,450.2,8.59,-0.3
2022-01-26,448.8,459.4,461.6,439,13.16,4.65
2022-01-25,420,439,439.2,420,18.99,3.25
2022-01-24,433.6,425.2,445.2,413.6,17.45,-4.66
2022-01-21,450,446,451.8,435.2,13.85,-1.85
2022-01-20,459.8,454.4,459.8,443.2,14.04,-1.86
2022-01-19,452,463,470.8,445.2,14.57,1.49
2022-01-18,478,456.2,484,456.2,7.64,-4.4
2022-01-17,478,477.2,483.8,472,5.58,-0.04
2022-01-14,497.8,477.4,498.6,476.2,11.74,-4.21
2022-01-13,499.8,498.4,502,486.2,12.09,-0.28
2022-01-12,500,499.8,509,490.4,17.3,0.56
2022-01-11,485.4,497,499,475,26.81,2.39
2022-01-10,485,485.4,493,478.4,23.07,0.29
2022-01-07,444,484,484.6,444,26.92,9.01
2022-01-05,451.4,444,453.6,443,9.57,-1.11
2022-01-04,466,449,467.2,446.2,18.31,-1.32
2022-01-03,435.6,455,457.8,435.2,13.86,5.03
2021-12-31,433.2,433.2,433.2,433.2,0,0
2021-12-30,418,433.2,435,412,10.18,3.49
2021-12-29,411.2,418.6,421.6,411.2,9.97,1.26
2021-12-28,411,413.4,424,410.2,15.93,0.54
2021-12-27,404.6,411.2,415,400.8,4.34,1.48
2021-12-24,405.2,405.2,405.2,405.2,0,0
2021-12-23,394.8,405.2,416,393,15.07,2.79
2021-12-22,401.2,394.2,408.2,389.4,7.29,-1.74
2021-12-21,407.8,401.2,407.8,398.8,13.66,-0.45
2021-12-20,387.2,403,405.8,380,16.17,0.95
2021-12-17,414,399.2,414,391.2,35.32,-4.5
2021-12-16,415,418,423.4,412.8,23.87,1.65
2021-12-15,420.2,411.2,421.2,404.2,14.74,-2.84
2021-12-14,439.2,423.2,442.4,419.2,21.02,-4.68
2021-12-13,450.8,444,459.6,440,20.24,-1.33
2021-12-10,442.2,450,458.8,442.2,13.93,0.22
2021-12-09,470,449,470,438.8,29.28,-4.67
2021-12-08,475.4,471,481.4,466.4,16.11,-0.84
2021-12-07,491,475,493.4,470.4,22.39,-2.46
2021-12-06,484,487,491,475,12.51,1.54
2021-12-03,492,479.6,497,475.2,29.99,-1.72
2021-12-02,463.6,488,491.8,462.4,43.74,5.17
2021-12-01,491.2,464,514.5,451.6,55.58,-6.22
2021-11-30,494.8,494.8,494.8,494.8,0,0
2021-11-29,493.6,494.8,508.5,474,90.45,0.24
2021-11-26,494.8,493.6,505.5,484.2,51.54,-3.22
2021-11-25,512.5,510,519,505.5,52.37,-0.68
2021-11-24,508.5,513.5,525,508,70.55,0.98
2021-11-23,529.5,508.5,530,506,48.33,-4.06
2021-11-22,512,530,540,512,36.89,2.61
2021-11-19,507.5,516.5,524.5,489.4,37.23,3.42
2021-11-18,552,499.4,552,499,75.47,-10.02
2021-11-17,570,555,575,547,38.83,-2.55
2021-11-16,573.5,569.5,584.5,557,40.54,-0.61
2021-11-15,559.5,573,581,558,50.33,1.96
2021-11-12,562,562,575,553.5,50.48,1.63
2021-11-10,547.5,553,563,537.5,17.47,-0.45
2021-11-09,569,555.5,578,555.5,11.47,-3.39
2021-11-08,570,575,584,566,20.85,0.97
2021-11-05,573,569.5,583,565.5,40.05,-0.09
2021-11-04,525,570,575,523,60.54,8.26
2021-11-03,576,526.5,578,523.5,27.82,-5.31
2021-11-02,568,556,583.5,551,51.11,-1.51
2021-10-29,551,564.5,597.5,545,42.11,2.17
2021-10-28,554,552.5,557.5,542,19.85,-0.09
2021-10-27,537,553,557,531,31.94,2.98
2021-10-26,530,537,538,524.5,11.91,1.32
2021-10-25,520,530,531.5,520,16.41,2.02
2021-10-22,528,519.5,542.5,519.5,23.32,-1.61
2021-10-21,521,528,530,516.5,24.73,1.15
2021-10-20,521.5,522,525,514.5,15,0.19
2021-10-19,520,521,526,515,24.5,0.1
2021-10-18,509,520.5,527,508,23.46,1.86
2021-10-15,493.8,511,511,493.8,19.8,2.61
2021-10-14,477.6,498,498,477.6,29.89,2.89
2021-10-13,485,484,494,478,14.77,-1.39
2021-10-12,463,490.8,493.8,460,39.77,5.32
2021-10-11,466.2,466,474.4,464.2,12.91,-0.04
2021-10-08,465.2,466.2,470.8,450,32.64,0.04
2021-10-07,461,466,467.8,458,23.66,0.43
2021-10-06,423,464,465.2,422.4,41.03,9.43
2021-10-05,420,424,429,419,8.18,0.24
2021-10-04,420,423,432,416,11.64,0.67
2021-10-01,405.8,420.2,426.2,402.2,12.07,2.24
2021-09-30,409,411,413,401.6,10.76,0.34
2021-09-29,393,409.6,409.6,393,4.11,4.22
2021-09-28,408.8,393,409,392,13.09,-4.15
2021-09-27,400,410,417.8,397.2,18.12,2.5
2021-09-24,399.4,400,400,390.2,7.23,2.25
2021-09-23,391.2,391.2,391.2,391.2,0,0
2021-09-22,380.2,391.2,394,380.2,6.98,2.68
2021-09-21,372.8,381,392.4,372.8,8.51,1.87
2021-09-20,394.8,374,394.8,371,15.07,-5.84
2021-09-17,396.2,397.2,400,394,15.6,0.25
2021-09-16,392.4,396.2,399,389,7.51,0.87
2021-09-15,392,392.8,398.6,388,6.76,-0.81
2021-09-14,384,396,399.8,380,19.02,3.13
2021-09-13,381,384,384,376,5.46,1.27
2021-09-10,381.8,379.2,384.8,376.2,3.28,-0.68
2021-09-09,373.8,381.8,384,366.6,6.24,1.11
2021-09-08,385,377.6,385,374.4,4.68,-1.92
2021-09-07,383,385,387.4,379.8,4.76,0.52
2021-09-06,383.4,383,387.6,379.4,3.66,-0.47
2021-09-03,380,384.8,387.6,376.6,9.68,0.94
2021-09-02,376,381.2,385,365,9.11,1.11
2021-09-01,375,377,383,373.2,12.87,1.62
2021-08-31,358,371,372.2,355.4,18.28,3.52
2021-08-30,359,358.4,365.8,353.2,11.59,-0.11
2021-08-27,355.4,358.8,360,349.6,6.86,0.84
2021-08-26,348.8,355.8,357.2,348,9.64,2.01
2021-08-25,335,348.8,348.8,334.2,11.2,4.18
2021-08-24,335.2,334.8,336.8,332.6,2.57,-0.36
2021-08-23,329.8,336,336,328,6.66,1.88
2021-08-20,322,329.8,330,322,3.01,1.48
2021-08-19,326.8,325,328,321.4,4.54,-1.34
2021-08-18,326.6,329.4,330.2,321.2,3.48,0.12
2021-08-17,330.8,329,330.8,321,6.25,-0.72
2021-08-16,326.6,331.4,332.4,321.8,3.92,1.53
2021-08-13,323,326.4,326.4,320,4.07,1.37
2021-08-12,322.2,322,324.6,316,3.86,-0.06
2021-08-11,314.4,322.2,323,310,13.67,2.48
2021-08-10,320,314.4,320.2,314,4.07,-1.75
2021-08-09,320,320,323.4,317.8,4.69,-0.06
2021-08-06,321,320.2,321,313.8,10.97,-0.19
2021-08-05,315,320.8,320.8,313.4,8.1,1.13
2021-08-04,311.8,317.2,317.2,307,11.91,3.66
2021-08-03,329,306,329.2,305,11.3,-5.96
2021-08-02,322.8,325.4,326.4,317.8,4.56,1.43
2021-07-30,314,320.8,323.8,311,8.8,0.69
2021-07-29,317.6,318.6,321,316.6,2.39,0.57
2021-07-28,311.4,316.8,317.8,308.2,4.65,2.92
2021-07-27,308,307.8,315,306.2,5.67,0.52
2021-07-26,310.6,306.2,311.4,300.6,7.24,-0.58
2021-07-23,306.2,308,308.8,301.8,6.07,0.72
2021-07-22,316,305.8,319.8,305,9.2,-2.67
2021-07-21,297.2,314.2,317.8,295,14,5.72
2021-07-20,285.8,297.2,297.4,285.8,10.75,3.41
2021-07-19,301,287.4,301,283,10.21,-4.39
2021-07-16,304.6,300.6,308.4,300.6,4.74,-1.31
2021-07-15,309.2,304.6,310.6,301.4,4.22,-1.1
2021-07-14,305,308,315.6,305,7.68,1.12
2021-07-13,304.4,304.6,312.4,304.2,5.14,0.2
2021-07-12,321,304,321,301.4,11.21,-5.71
2021-07-09,313,322.4,322.4,312.2,3.48,3.2
2021-07-08,317.6,312.4,322.4,312.4,9.45,-2.38
2021-07-07,317.8,320,323.4,317.8,5.66,0.69
2021-07-06,327.2,317.8,331,317.4,5.34,-2.87
2021-07-05,322,327.2,330.8,319,6.75,0.68
2021-07-02,325.2,325,328.8,322,11.25,-0.85
2021-07-01,327.8,327.8,332,320,24.7,0.86
2021-06-30,337,325,338.4,317.4,37.21,-4.19
2021-06-29,345,339.2,346,337.2,15.93,-1.57
2021-06-28,343.8,344.6,348.2,341.8,12.41,-0.58
2021-06-25,350,346.6,358,340.4,10.78,0.06
2021-06-24,339,346.4,354.8,333,11.91,2.79
2021-06-23,326,337,339.8,326,14.87,3.06
2021-06-22,317,327,327,314.8,14.08,3.81
2021-06-21,309.8,315,315.8,305,12.72,1.61
2021-06-18,299.8,310,310,297,27.71,3.68
2021-06-17,301.8,299,302.4,297.4,3.56,-0.86
2021-06-16,294,301.6,302.6,294,6.1,1.69
2021-06-15,306,296.6,308.6,296,4.85,-3.7
2021-06-14,294,308,310,292.6,6.02,4.76
2021-06-11,298,294,298,291.8,19.16,-0.88
2021-06-10,298.2,296.6,298.8,294,12.71,-1.13
2021-06-09,294.8,300,302.4,294.8,7.04,1.9
2021-06-08,302,294.4,302.8,292.8,8.21,-2.9
2021-06-07,303,303.2,308,301.6,5.85,0.53
2021-06-04,300.8,301.6,306.4,300.2,6.94,-1.76
2021-06-03,307,307,307,307,0,0
2021-06-01,304,307,310,300.6,7.87,1.52
2021-05-31,300,302.4,304,298.2,7.22,0.8
2021-05-28,300.8,300,304,297,17.53,0.74
2021-05-27,292.6,297.8,301,290.6,11.85,1.99
2021-05-26,285.2,292,293.2,285,7.51,2.96
2021-05-25,294.2,283.6,294.6,282.2,18.7,-3.54
2021-05-24,306,294,307.2,287.4,15.25,-4.11
2021-05-21,297,306.6,308.6,292.4,16.12,2.89
2021-05-20,284,298,299.8,274,18.49,5
2021-05-19,283.8,283.8,286,277.4,6.12,0
2021-05-18,279.8,283.8,286,278.2,6.45,2.45
2021-05-17,278.8,277,282.6,276,3.92,0.36
2021-05-14,273.6,276,277.6,268.8,9.99,1.1
2021-05-13,282.8,273,283,270,18.49,-4.88
2021-05-12,271.8,287,289.2,271,22.08,6.45
2021-05-11,264.6,269.6,274.6,260.6,19.05,1.05
2021-05-10,253,266.8,280,252.8,30.54,5.45
2021-05-07,246.2,253,256,246.2,25.81,2.85
2021-05-06,241.2,246,254.6,241,24.09,2.07
2021-05-05,233.6,241,242,233.2,11.95,3.17
2021-05-04,235,233.6,243.2,230,8.21,-0.6
2021-04-30,234,235,237.2,228.6,10.4,1.29
2021-04-29,227.2,232,238,216,28.61,5.45
2021-04-28,214.4,220,220,214.4,7.65,2.61
2021-04-27,219.2,214.4,219.4,213.2,3.07,-2.19
2021-04-26,212,219.2,219.2,208.8,6.08,3.4
2021-04-23,208.8,212,212,207.6,2.88,1.53
2021-04-22,205.2,208.8,210.6,205.2,4.35,1.75
2021-04-21,210.2,205.2,213.2,205.2,6.32,-2.75
2021-04-20,211.4,211,214.2,208.2,7.98,-0.28
2021-04-19,209,211.6,214,209,4.73,1.63
2021-04-16,207.2,208.2,210.2,206.4,4.25,0.58
2021-04-15,210,207,211.8,206.6,5.91,-1.43
2021-04-14,210,210,210.4,206.4,7.03,0.48
2021-04-13,211.4,209,213.2,208.6,5.34,-1.14
2021-04-12,218,211.4,218,211.2,6.93,-2.13
2021-04-09,218.6,216,221,215,11.13,-1.01
2021-04-08,220.8,218.2,220.8,213.6,5.42,0.28
2021-04-07,219,217.6,222.8,216,5.32,-0.37
2021-04-06,216.6,218.4,219,214.6,11.47,3.02
2021-04-05,212,212,212,212,0,0
2021-04-02,212,212,212,212,0,0
2021-04-01,215,212,216,211.2,5.73,-1.12
2021-03-31,220.4,214.4,221.6,212.6,6.09,-3.51
2021-03-30,219,222.2,224,219,4.6,1.83
2021-03-29,214.8,218.2,219.8,213.6,5.25,2.92
2021-03-26,214.4,212,216.4,210,10.6,-1.12
2021-03-25,218.2,214.4,219.8,210.6,9.08,-2.55
2021-03-24,222,220,228,217.4,7.4,-4.76
2021-03-23,220,231,233.2,218.4,9.64,4.52
2021-03-22,225,221,228,219.6,4.43,-2.39
2021-03-19,223.8,226.4,226.4,220.4,6.54,0.71
2021-03-18,227.2,224.8,231.6,223.8,4.79,-1.32
2021-03-17,225.6,227.8,228,217.2,12.58,0.89
2021-03-16,234.8,225.8,234.8,224.6,11.37,-3.91
2021-03-15,235,235,238,232.6,9.16,1.91
2021-03-11,238,230.6,240.8,227.8,9.85,-3.19
2021-03-10,243,238.2,246.4,236.6,8,-1.98
2021-03-09,237.6,243,244,237.2,18.22,1.5
2021-03-08,237,239.4,240.8,234.2,15.18,0.59
2021-03-05,235,238,239.6,233.8,11.97,-0.08
2021-03-04,234.6,238.2,240,230,11.18,0.42
2021-03-03,234.8,237.2,242,233.2,19.27,0.51
2021-03-02,234,236,240.2,229.6,9.85,0.68
2021-03-01,222.4,234.4,234.4,221.6,26.28,5.78
2021-02-26,219.6,221.6,224,215,12.86,-1.42
2021-02-25,225,224.8,227.2,220,14.23,0.54
2021-02-24,214.2,223.6,226.2,214.2,17.65,3.23
2021-02-23,214.4,216.6,220,212,12.78,-0.82
2021-02-22,219.6,218.4,220,214.4,8.4,-0.73
2021-02-19,220.2,220,222.6,214.4,20.44,-1.35
2021-02-18,225.4,223,231.4,220.4,13.5,-0.98
2021-02-17,223.2,225.2,233,212.8,37.82,0.9
2021-02-16,198.6,223.2,224.4,198.1,53.37,11.77
2021-02-15,187.7,199.7,199.7,186.7,11.55,7.37
2021-02-12,189.2,186,189.6,184.4,8,-1.9
2021-02-11,188,189.6,190,184,10.17,0.85
2021-02-10,193.2,188,194.9,185.5,10.78,-2.64
2021-02-09,197,193.1,197,191,9.09,-1.18
2021-02-08,195.2,195.4,199,193.4,11.13,0.26
2021-02-05,195,194.9,202.6,193.7,15.7,-0.05
2021-02-04,195.8,195,198.6,192.6,4.07,-1.61
2021-02-03,200,198.2,202.4,195.6,11.85,-0.3
2021-02-02,196,198.8,199.8,194,14.81,1.64
2021-02-01,199.2,195.6,199.2,193.7,10.05,0
2021-01-29,194,195.6,201.8,193.5,20.41,0.93
2021-01-28,191,193.8,196.5,183.3,20.74,1.1
2021-01-27,202.2,191.7,205.4,189.1,13.54,-5.94
2021-01-26,200.2,203.8,206,194.2,17.16,1.39
2021-01-25,207,201,207,198.1,13.76,-3.27
2021-01-22,206.4,207.8,209,203.2,6.72,-0.29
2021-01-21,210,208.4,211.2,203.2,9.5,-0.86
2021-01-20,208,210.2,213.8,206.4,17.31,-0.66
2021-01-19,210.6,211.6,215,208.2,14.97,0.57
2021-01-18,205,210.4,211.4,205,23.46,2.83
2021-01-15,211.4,204.6,217,203.4,16.66,-3.22
2021-01-14,205,211.4,213.6,204,15.3,4.04
2021-01-13,210.8,203.2,210.8,202,15.94,-3.15
2021-01-12,218.6,209.8,225.6,205.6,24.51,-4.03
2021-01-11,214,218.6,228.6,212.2,27.86,3.11
2021-01-08,200,212,217.6,200,29.76,6.53
2021-01-07,190,199,199,187.4,22.89,6.99
2021-01-05,186.6,186,189.4,182,9.43,-0.32
2021-01-04,180,186.6,189.5,179.8,18.03,4.13
2020-12-31,179.2,179.2,179.2,179.2,0,0
2020-12-30,188.8,179.2,188.8,178.7,15.22,-5.13
2020-12-29,188.2,188.9,189.9,185,11.54,1.23
2020-12-28,180,186.6,186.7,180,14.1,4.89
2020-12-24,177.9,177.9,177.9,177.9,0,0
2020-12-23,173.4,177.9,177.9,173.4,9.21,3.49
2020-12-22,172,171.9,177.6,171.4,8.04,-0.06
2020-12-21,175.1,172,176.5,162.6,14.38,-4.28
2020-12-18,177.5,179.7,183.3,175,14.4,1.18
2020-12-17,183.5,177.6,185.6,173.7,18.05,-2.42
2020-12-16,179.8,182,184.5,176.7,11.9,3
2020-12-15,174,176.7,179.9,173,9.37,-0.06
2020-12-14,181.9,176.8,185.3,176,9.71,-1.39
2020-12-11,185,179.3,187,176.1,21.18,-2.29
2020-12-10,191.2,183.5,191.7,183,17.35,-2.7
2020-12-09,177.6,188.6,197.5,176.2,40.24,7.16
2020-12-08,175,176,178.9,172,14.46,0.23
2020-12-07,171,175.6,179.8,169.9,21.59,3.6
2020-12-04,156.6,169.5,169.5,154.6,17.38,8.45
2020-12-03,154.6,156.3,158.4,154,14.62,1.1
2020-12-02,155.2,154.6,156.3,151.6,10.33,0.39
2020-12-01,152.8,154,159,152.8,10.48,1.72
2020-11-30,155.5,151.4,156.9,147.7,243.9,-3.57
2020-11-27,165,157,165,157,24.55,-5.54
2020-11-26,168.1,166.2,169.1,163.8,10.71,-1.54
2020-11-25,171.7,168.8,172,167.7,14.38,-0.47
2020-11-24,169,169.6,173,165,15.83,1.01
2020-11-23,163.6,167.9,171,163.6,13.26,3.26
2020-11-20,167.2,162.6,168.8,162.4,15.56,-2.63
2020-11-19,166.2,167,168.4,162.2,12.61,0.12
2020-11-18,169.4,166.8,170.7,165.7,13.66,-1.88
2020-11-17,171,170,171,164.2,14.53,-0.29
2020-11-16,162.1,170.5,172,162.1,14.67,6.1
2020-11-13,169,160.7,169,160.5,10.3,-5.02
2020-11-12,169,169.2,173,161.4,24.16,0.12
2020-11-10,158.7,169,174.5,142.9,43.75,10.1
2020-11-09,121.5,153.5,153.5,119.9,25.14,24.09
2020-11-06,125.6,123.7,126.6,119.7,11.37,-1.12
2020-11-05,127.5,125.1,130.7,125,14.49,-0.32
2020-11-04,131,125.5,134.9,122.2,16.88,-4.92
2020-11-03,120,132,135,118.4,16.08,13.21
2020-11-02,117,116.6,120.8,115,9.01,0.95
2020-10-30,120,115.5,121,113.5,9.3,-3.75
2020-10-29,127.2,120,129.7,118,12.5,-4.84
2020-10-28,140,126.1,140.4,126,15.46,-9.93
2020-10-27,151.9,140,154,140,15.18,-7.41
2020-10-26,147.1,151.2,152.6,147.1,6.77,1.96
2020-10-23,148,148.3,155.5,148,13.81,-0.13
2020-10-22,146.6,148.5,153.7,145.2,15.65,1.23
2020-10-21,153.4,146.7,155.8,146.7,11.27,-4.24
2020-10-20,150,153.2,159.9,147.6,14.69,2.34
2020-10-19,149.8,149.7,153.7,147.6,6.83,0.88
2020-10-16,152,148.4,156.2,146,9.6,-2.05
2020-10-15,155,151.5,155.1,149.2,11.26,-2.95
2020-10-14,159.8,156.1,160.5,150,28.89,-1.51
2020-10-13,168,158.5,168,158,17.34,-5.65
2020-10-12,169.3,168,172.8,166.1,4.76,-0.59
2020-10-09,174.9,169,174.9,167.7,4.37,-2.09
2020-10-08,175,172.6,177.8,170.6,7.15,-1.37
2020-10-07,177,175,177.6,170.1,7.28,-0.79
2020-10-06,172.8,176.4,179.5,172.8,7.21,2.2
2020-10-05,169.3,172.6,175.1,169.3,4.6,2.07
2020-10-02,169.6,169.1,171.5,166.4,3.73,-2.31
2020-10-01,169.3,173.1,173.9,166.6,6.48,4.03
2020-09-30,166.5,166.4,169.3,165.1,7.04,-1.25
2020-09-29,175.3,168.5,175.3,168,4.78,-3.88
2020-09-28,165.7,175.3,176.7,164.3,7.09,6.96
2020-09-25,173.5,163.9,173.5,163.4,10.37,-5.53
2020-09-24,171,173.5,174.3,169.2,7.34,-0.17
2020-09-23,180.5,173.8,181.1,173.8,4.31,-1.81
2020-09-22,178,177,183.6,173.9,6.07,0.11
2020-09-21,178.3,176.8,178.9,174.1,5.09,-3.18
2020-09-18,180,182.6,182.6,175.2,47.01,0.77
2020-09-17,179.7,181.2,181.7,175,6.74,0.06
2020-09-16,183.4,181.1,186.1,180.2,3.91,-1.42
2020-09-15,181,183.7,187,179.2,5,-0.16
2020-09-14,188,184,188,182.9,5.43,-1.45
2020-09-11,185,186.7,187.8,182,6.81,1.69
2020-09-10,180.9,183.6,185,178.3,12.71,2
2020-09-09,169.1,180,181.2,169.1,8.85,6.45
2020-09-08,178,169.1,180,167.9,11.28,-5.69
2020-09-07,181,179.3,181.9,177.1,3.37,-0.94
2020-09-04,183,181,184.3,177.8,6.93,-1.36
2020-09-03,183,183.5,188.4,182,4.93,0.55
2020-09-02,183,182.5,186.4,180.3,6.28,0.77
2020-09-01,187,181.1,187.7,179,14.16,-3.72
2020-08-31,188.5,188.1,190.3,184.7,12.32,1.57
2020-08-28,188.4,185.2,189.9,185,9.42,-2.53
2020-08-27,190.6,190,190.8,186.6,5.39,-1.04
2020-08-26,189,192,193.1,186.7,6.62,1.27
2020-08-25,192.5,189.6,196,189,5.03,-1.4
2020-08-24,192.3,192.3,193.4,188.3,7.8,0
2020-08-21,194.6,192.3,195,189.2,4.48,-1.13
2020-08-20,196,194.5,196.9,192.5,5.07,-2.6
2020-08-19,200.8,199.7,202,197,1.91,-0.55
2020-08-18,201.6,200.8,204.8,199,4.89,-0.4
2020-08-17,208,201.6,208,200.8,3.49,-2.89
2020-08-14,208.6,207.6,208.6,200.2,4.55,-0.48
2020-08-13,200,208.6,209,199,7.35,3.78
2020-08-12,204.8,201,210.4,198.5,8.56,-1.86
2020-08-11,192,204.8,205.2,190.9,11.95,6.67
2020-08-10,188.4,192,192,186.5,2.98,2.13
2020-08-07,186.7,188,189.4,183.5,5.02,1.08
2020-08-06,192.6,186,194.6,184.1,6.71,-3.53
2020-08-05,192.3,192.8,195.6,188,7.17,1.31
2020-08-04,193.3,190.3,197.5,187.1,9.14,-0.89
2020-08-03,189.7,192,193.2,180.8,8.15,2.45
2020-07-31,192,187.4,194.2,184,8.62,-1.58
2020-07-30,200,190.4,200,188,6.82,-2.96
2020-07-29,202,196.2,202,195.5,3.12,-1.9
2020-07-28,201,200,202.6,195.8,8.57,0.2
2020-07-27,205.4,199.6,207,198.2,8.7,-3.11
2020-07-24,207,206,209.2,203.8,4.34,-1.44
2020-07-23,218,209,218.8,207.6,6,-2.79
2020-07-22,218,215,222,215,6.64,-0.92
2020-07-21,214,217,225.6,211,14.48,3.43
2020-07-20,211,209.8,214.8,206.4,10.01,-1.32
2020-07-17,215,212.6,216.6,210.2,4.92,-1.57
2020-07-16,223,216,223,212,7.08,-3.14
2020-07-15,224.4,223,225.2,221,7.31,-0.62
2020-07-14,228,224.4,229.4,222.4,5.76,-2.43
2020-07-13,230.8,230,234,225,7.56,0.35
2020-07-10,226,229.2,229.2,222.4,4.62,0.44
2020-07-09,229.2,228.2,233,226.6,6.17,-0.44
2020-07-08,231.6,229.2,234,226.2,9.36,-2.05
2020-07-07,238,234,238,230.8,5.98,-1.76
2020-07-06,239,238.2,242,235.2,3.77,0.76
2020-07-03,236,236.4,236.4,230,2.64,1.2
2020-07-02,238,233.6,243,233.6,9.82,-0.34
2020-07-01,229.4,234.4,235.8,225,5.61,1.91
2020-06-30,239,230,239.2,229,7.63,-3.52
2020-06-29,236,238.4,241.2,233.4,5.99,0.34
2020-06-26,241.6,237.6,244.4,237,4.81,-1.33
2020-06-25,241,240.8,243.6,236.4,5.71,-0.17
2020-06-24,245,241.2,245,237.6,3.45,-1.39
2020-06-23,242,244.6,245.2,236.6,6.68,3.47
2020-06-22,244.6,236.4,244.6,235.6,5.62,-2.48
2020-06-19,245.2,242.4,246.8,240.8,14.28,-0.98
2020-06-18,244.6,244.8,246.8,236.6,6.52,1.07
2020-06-17,244.2,242.2,247.6,240.8,7.31,-0.82
2020-06-16,246,244.2,249.2,240,9.52,2.95
2020-06-15,238.2,237.2,239,231.2,9.34,-1.17
2020-06-12,233,240,247.8,225,12.54,-5.81
2020-06-11,254.8,254.8,254.8,254.8,0,0
2020-06-09,262.4,254.8,267.4,238,20.5,-1.09
2020-06-08,251.6,257.6,267.8,250,29.94,4.04
2020-06-05,227,247.6,248,227,20.63,9.46
2020-06-04,223,226.2,226.4,216.4,13.34,1.98
2020-06-03,218,221.8,223.8,216.8,10.24,2.88
2020-06-02,215,215.6,216.8,211.2,6.42,0.94
2020-06-01,218,213.6,224.4,210.4,8.89,-0.84
2020-05-29,210,215.4,215.4,201.8,29.4,1.6
2020-05-28,213,212,226.4,204.4,31.19,2.02
2020-05-27,188.6,207.8,214.2,187.4,43.11,11.72
2020-05-26,186,186,187.1,185.5,23.07,1.09
2020-05-25,186.2,184,187.6,183.2,3.91,0.05
2020-05-22,185,183.9,187.2,181.8,4.19,-0.59
2020-05-21,187.2,185,188,185,2.69,-1.18
2020-05-20,187,187.2,189,184.3,3.52,0.21
2020-05-19,189.6,186.8,189.6,183.4,3.45,0.48
2020-05-18,183.6,185.9,187.9,181.5,4.48,1.97
2020-05-15,186.1,182.3,188.6,182.3,4.61,-0.71
2020-05-14,189.5,183.6,190.6,180,3.89,-3.52
2020-05-13,184.6,190.3,194.8,184.6,6.48,3.09
2020-05-12,185,184.6,187.4,181,5.75,0.05
2020-05-11,191,184.5,191.5,181,4.78,-2.02
2020-05-08,192,188.3,192.5,188.3,2.72,0.05
2020-05-07,196,188.2,197.5,188.2,3.88,-1.21
2020-05-06,200,190.5,200.2,190.5,8.7,-3.79
2020-05-05,207.4,198,208,198,6.4,-3.13
2020-05-04,220,204.4,220,204.4,5.63,-6.67
2020-04-30,217,219,221,214,11.35,2.15
2020-04-29,201.4,214.4,216.4,201.4,7.36,6.45
2020-04-28,202.2,201.4,209,197.1,9.78,-0.49
2020-04-27,216.2,202.4,217,202.2,4.84,-4.53
2020-04-24,219.8,212,219.8,212,2.54,-3.2
2020-04-23,219,219,220.6,216.2,4.23,1.3
2020-04-22,210.2,216.2,220.8,208.2,4.77,3.94
2020-04-21,218,208,218,208,4.49,-4.41
2020-04-20,220,217.6,222,209,8.22,-0.09
2020-04-17,228,217.8,228,217,4.48,-2.07
2020-04-16,227.4,222.4,229,218.2,10.14,-0.27
2020-04-15,242.4,223,242.6,223,6.88,-5.11
2020-04-14,233.6,235,236.2,232,8.72,2.62
2020-04-13,229,229,229,229,0,0
2020-04-10,229,229,229,229,0,0
2020-04-09,224,229,230,223.4,10.87,2.05
2020-04-08,231,224.4,234.6,218,7.21,-2.26
2020-04-07,230,229.6,239.8,228.4,8.31,0.7
2020-04-06,222,228,228.8,217.6,7.15,4.78
2020-04-03,209.4,217.6,217.6,203.4,7.71,1.87
2020-04-02,214.2,213.6,214.2,206.2,7.58,0.56
2020-04-01,218.6,212.4,220.4,212.2,9.51,-4.24
2020-03-31,221,221.8,229.4,220,6.19,-1.16
2020-03-30,225,224.4,226.6,216,5.32,1.08
2020-03-27,231,222,231,216.6,8.97,-1.6
2020-03-26,219.4,225.6,230.2,219,4.12,2.83
2020-03-25,233,219.4,233.2,212,6.98,-2.49
2020-03-24,237,225,237,216.8,12.05,0.45
2020-03-23,248.4,224,248.4,224,9.81,-9.82
2020-03-20,255,248.4,259,242,19.44,2.9
2020-03-19,244.8,241.4,261.2,230.2,11.24,-0.25
2020-03-18,238,242,242.4,220.2,6.91,3.68
2020-03-17,208.4,233.4,241.6,200,11.3,17.76
2020-03-16,210,198.2,218.8,188,11.22,-4.89
2020-03-13,208,208.4,212.8,186.5,15.99,-14.52
2020-03-12,243.8,243.8,243.8,243.8,0,0
2020-03-11,243.8,243.8,243.8,243.8,0,0
2020-03-10,263.6,243.8,268.8,241.4,7.76,-7.51
2020-03-09,296.6,263.6,296.6,263.6,7.84,-12.66
2020-03-06,300.6,301.8,305,295,6.55,-2.39
2020-03-05,325,309.2,325,306,4.29,-2.52
2020-03-04,331,317.2,331,314,9.51,-4
2020-03-03,305,330.4,335.4,298.2,8.28,11.32
2020-03-02,304,296.8,307,288.2,12.2,-0.4
2020-02-28,321,298,326.8,298,13.08,-8.08
2020-02-27,326.8,324.2,336.8,321.2,5.44,-2.76
2020-02-26,344.6,333.4,345,333.4,6.06,-1.3
2020-02-25,370.6,337.8,370.6,335,7.48,-7.04
2020-02-24,367.4,363.4,374,359.6,3.41,-3.04
2020-02-21,370.2,374.8,376,369.6,3.96,1.24
2020-02-20,370,370.2,373.8,364.2,2.91,1.76
2020-02-19,365,363.8,367.2,355.6,4.33,-0.33
2020-02-18,371,365,374,364.2,4.42,-2.41
2020-02-17,375.6,374,377,371.8,1.14,0.32
2020-02-14,380,372.8,380,371.2,3.35,-1.22
2020-02-13,375.6,377.4,379,370,3.09,0.86
2020-02-12,389.2,374.2,389.6,371.2,12.33,-5.17
2020-02-11,394,394.6,397,387.8,2.23,0.66
2020-02-10,390,392,393.8,385,4.5,0.41
2020-02-07,390,390.4,394.8,383.6,4.61,0.21
2020-02-06,387.2,389.6,399,384.6,7.72,2.15
2020-02-05,364,381.4,385.8,364,5.31,3.08
2020-02-04,370.8,370,375,363.8,13.42,-0.16
2020-02-03,372,370.6,372.2,364.4,8.03,-0.16
2020-01-31,369.4,371.2,371.2,364.2,13.46,0.65
2020-01-30,364.6,368.8,369,359.2,6.33,1.37
2020-01-29,359,363.8,364.6,357.6,4.18,1.11
2020-01-28,366,359.8,367,357,4.41,-0.72
2020-01-27,361.4,362.4,375.6,361.4,3.96,-4.38
2020-01-24,378.4,379,385.8,372.2,3.04,0.16
2020-01-23,383.4,378.4,383.4,376.2,3.19,-0.58
2020-01-22,389.8,380.6,389.8,376,5.87,-1.7
2020-01-21,380,387.2,389.8,375,2.73,1.15
2020-01-20,378.6,382.8,386.6,378.6,1.85,-0.52
2020-01-17,382.2,384.8,392,382.2,4.6,-1.18
2020-01-16,390.4,389.4,390.4,377.6,4.77,-0.26
2020-01-15,385,390.4,393.6,382.2,6.22,1.4
2020-01-14,376,385,386.8,369.2,8.45,1.96
2020-01-13,383,377.6,385.8,375,6.16,-1.56
2020-01-10,402,383.6,405,382.4,5.83,-4.1
2020-01-09,397.6,400,404.8,395.8,9.3,1.94
2020-01-08,393.4,392.4,394,387,3.41,0.1
2020-01-07,396,392,398.2,389,5.18,-1.11
2020-01-03,385,396.4,396.4,385,6.74,0.51
2020-01-02,385,394.4,397.8,385,5,1.28
2019-12-31,389.4,389.4,389.4,389.4,0,0
2019-12-30,387.2,389.4,392,387.2,8.32,0.31
2019-12-27,390,388.2,392,384,3.27,-0.41
2019-12-24,389.8,389.8,389.8,389.8,0,0
2019-12-23,373,389.8,389.8,373,8.93,4.17
2019-12-20,368.6,374.2,379.8,366,21.47,-0.48
2019-12-19,371.8,376,376,370.6,5.16,1.13
2019-12-18,369.6,371.8,371.8,363.2,6.58,0.98
2019-12-17,373.8,368.2,374.2,364.4,7.71,0.22
2019-12-16,383,367.4,384.8,363.6,5.05,-3.52
2019-12-13,375,380.8,381.8,372,5.58,2.64
2019-12-12,358.4,371,371.6,358.4,5.71,3.06
2019-12-11,365.6,360,371,359.8,3.13,-2.12
2019-12-10,361.4,367.8,368,353.6,2.98,3.61
2019-12-09,351,355,358.6,347.2,4.07,0.45
2019-12-06,357.6,353.4,364.4,353.2,4.52,-0.39
2019-12-05,358.2,354.8,362.4,352.6,5.99,-0.95
2019-12-04,355.4,358.2,368.4,355.4,5.43,0.06
2019-12-03,361,358,369.4,357.4,3.75,-1.1
2019-12-02,379.4,362,379.4,359.8,5.21,-2.74
2019-11-29,368,372.2,376.4,367,4.16,-0.43
2019-11-28,372.2,373.8,379,370.2,3.58,-0.16
2019-11-27,380,374.4,385,371.4,5.39,-1.78
2019-11-26,383.8,381.2,388.2,378.6,21.88,-1.75
2019-11-25,390,388,390,385.6,4.3,-0.31
2019-11-22,380,389.2,390,380,6.17,1.25
2019-11-21,379,384.4,387.4,379,9.08,-0.67
2019-11-20,381,387,387,381,4.61,1.47
2019-11-19,389,381.4,392.6,379.8,4.51,-2.26
2019-11-18,389,390.2,390.4,385.8,6,0.46
2019-11-15,381.8,388.4,388.4,380,4.27,1.46
2019-11-14,393.6,382.8,395,381.2,7.75,-1.24
2019-11-13,394,387.6,394,385.2,6.9,0.26
2019-11-12,380.2,386.6,393.6,378,12.17,0.99
2019-11-08,390.8,382.8,390.8,381.4,7.97,-2.05
2019-11-07,395.4,390.8,397.2,388.4,14.94,-0.41
2019-11-06,398.8,392.4,398.8,392.2,11.85,-1.65
2019-11-05,394.4,399,399,390.4,14.3,1.17
2019-11-04,385,394.4,398.4,385,16.23,3.3
2019-10-31,384.2,381.8,384.8,380,13.85,0.79
2019-10-30,373,378.8,379.4,370,5.92,2.32
2019-10-29,380,370.2,380,369.8,7.06,-2.17
2019-10-28,369.8,378.4,378.8,365,6.7,2.94
2019-10-25,373.8,367.6,378.6,367.4,5.58,-2.44
2019-10-24,382,376.8,382,373.6,10.29,-0.89
2019-10-23,382.8,380.2,382.8,376.6,12.41,-0.05
2019-10-22,378,380.4,382,373,9.36,1.44
2019-10-21,378.8,375,385,372.6,8.77,-0.85
2019-10-18,385,378.2,385,373.8,12.11,-1.77
2019-10-17,388.2,385,395,382,25.84,-0.47
2019-10-16,376.8,386.8,388.6,369.2,11.67,2.65
2019-10-15,367,376.8,379,365.6,10.04,3.46
2019-10-14,358,364.2,372,356.2,13.85,0.05
2019-10-11,355,364,367.2,352,8.82,2.36
2019-10-10,349.6,355.6,359.2,345.2,8.56,1.02
2019-10-09,352,352,357,351,6.92,0.06
2019-10-08,341.6,351.8,351.8,337.6,12.14,2.27
2019-10-07,348.6,344,351,338.4,6.53,-0.81
2019-10-04,348.4,346.8,351,342,11.51,-0.52
2019-10-03,341.6,348.6,368.8,323.2,26.52,2.05
2019-10-02,345,341.6,345.8,338.4,8.93,-0.99
2019-10-01,350,345,350,336.6,9.71,-0.75
2019-09-30,363,347.6,365,341.6,9.27,-4.24
2019-09-27,340,363,371,331.8,20.72,6.76
2019-09-26,342.4,340,348,337,14.28,-0.12
2019-09-25,345.8,340.4,346.8,335.6,18.34,-0.76
2019-09-24,330,343,348,328.2,32.23,4.57
2019-09-23,316.8,328,330.8,309.6,9.59,3.54
2019-09-20,316.4,316.8,321.8,306,23.99,-0.69
2019-09-19,318.4,319,323.6,318.4,2.66,-0.75
2019-09-18,328.8,321.4,328.8,318.8,4.27,-1.71
2019-09-17,326,327,329,320.6,5.12,-0.61
2019-09-16,327.6,329,331.8,325.8,7.42,0.43
2019-09-13,330,327.6,340.2,322.8,8.33,-0.97
2019-09-12,324,330.8,334,320.6,8.99,2.99
2019-09-11,325,321.2,329,318.2,3.73,-1.05
2019-09-10,328.4,324.6,328.4,322,3.98,-0.43
2019-09-09,315.8,326,326.8,312,3.38,4.96
2019-09-06,313,310.6,317,310,4.53,-2.33
2019-09-05,318,318,320.2,308.2,3.92,0.7
2019-09-04,318,315.8,322,313,6.56,-2.89
2019-09-02,324.2,325.2,325.4,321.4,1.26,0.81
2019-08-30,315,322.6,325,315,7.07,1.38
2019-08-29,311,318.2,324,310.4,17.8,2.32
2019-08-28,329,311,333.2,306,18.36,-5.59
2019-08-27,322.2,329.4,335.4,321.6,19.18,0.37
2019-08-26,320,328.2,329.2,320,4.03,0.8
2019-08-23,338.6,325.6,338.6,324.6,6.13,-1.33
2019-08-22,327.2,330,332.2,321.2,7.06,1.41
2019-08-21,328.2,325.4,337.8,323.4,11.28,-1.15
2019-08-20,315.6,329.2,334.8,312,9.06,3.85
2019-08-19,305,317,319,305,8.25,4.55
2019-08-16,314,303.2,314,300.8,8.24,-2.19
2019-08-14,323,310,333,310,18.8,-4.02
2019-08-13,310.2,323,326,306.2,8.49,3.53
2019-08-12,317.4,312,318.8,309.8,2.76,-2.13
2019-08-09,325.6,318.8,325.6,315.6,5.27,-1.79
2019-08-08,330.2,324.6,335,322.6,6.64,-1.64
2019-08-07,324.6,330,333,322.4,11.77,1.66
2019-08-06,327.4,324.6,328,311.6,14.1,0.37
2019-08-05,336,323.4,340.6,323.2,9.37,-4.49
2019-08-02,345.6,338.6,345.6,338,4.35,-2.98
2019-08-01,353,349,354,345,5.92,-0.11
2019-07-31,359.2,349.4,359.4,349,10.53,-3.48
2019-07-30,362.4,362,363.2,359,3.6,-0.11
2019-07-29,368,362.4,368,360.4,3.82,-0.49
2019-07-26,366,364.2,370.4,357.8,14.65,-0.38
2019-07-25,376,365.6,379.6,364.4,14.67,-2.25
2019-07-24,377.8,374,377.8,372.8,6.98,-0.48
2019-07-23,378,375.8,379.2,373.8,12.4,-0.32
2019-07-22,384,377,384,372.4,7.1,-0.79
2019-07-19,381.6,380,382.2,376,13.43,0.37
2019-07-18,389,378.6,391.2,377.2,23.56,-3.76
2019-07-17,398.6,393.4,398.6,391.4,8.28,-1.3
2019-07-16,405,398.6,405,397.6,8.89,-0.6
2019-07-15,402,401,405,398,17.58,0
2019-07-12,400,401,403.6,395,4.43,-0.74
2019-07-11,407,404,407,400.6,8.06,-0.64
2019-07-10,407.6,406.6,410.4,406.6,8.39,-0.68
2019-07-09,410,409.4,410,407,4.09,-0.15
2019-07-08,408,410,411.8,407,5.02,-0.34
2019-07-05,417,411.4,417,408,5.3,-1.34
2019-07-04,423,417,426,414.6,5.42,-2.2
2019-07-03,420,426.4,429.8,419,4.9,-0.61
2019-07-02,431,429,432,421.2,5.23,0.7
2019-07-01,435,426,435,424,4.08,-0.93
2019-06-28,430,430,434.2,430,5.39,-1.15
2019-06-27,425.2,435,435,425.2,6.54,2.26
2019-06-26,425,425.4,428.8,422.2,6.19,0.24
2019-06-25,430.4,424.4,431.6,418.2,3.76,-1.12
2019-06-24,424.4,429.2,435,423.6,3.44,0.89
2019-06-21,432.2,425.4,439,421,26.91,-0.09
2019-06-19,421.6,425.8,428,420,4.14,0.19
2019-06-18,422.2,425,425.4,418.4,6.11,1.19
2019-06-17,429,420,429.6,416,6,-2.82
2019-06-14,434.6,432.2,440,429.8,5.83,-0.96
2019-06-13,429.8,436.4,440,429,11.1,1.96
2019-06-12,425.4,428,429.4,415.8,7.32,0.9
2019-06-11,430,424.2,430,415,4.28,0.19
2019-06-10,424.8,423.4,428.8,418.2,4.65,-0.75
2019-06-07,420,426.6,429,417.4,3.13,1.43
2019-06-06,406,420.6,423.8,400,8.84,4.37
2019-06-05,398,403,405.6,392,4.74,0.6
2019-06-04,404.2,400.6,407.8,397.8,3.42,-0.1
2019-06-03,409,401,409,395.6,3.94,-0.4
2019-05-31,397.4,402.6,408.6,396,6.55,-0.74
2019-05-30,398,405.6,409,395.8,4.37,1.76
2019-05-29,389,398.6,398.8,386,6.08,-0.3
2019-05-28,393.2,399.8,402.4,388.2,24.36,1.32
2019-05-27,388.8,394.6,396,383.8,2.25,1.08
2019-05-24,386.2,390.4,390.4,380.8,6.18,1.4
2019-05-23,406,385,406,382.4,5.89,-5.13
2019-05-22,393.4,405.8,407.4,387,7.2,2.99
2019-05-21,385,394,395,379,9.89,2.93
2019-05-20,385.8,382.8,386.4,374,4.28,-0.67
2019-05-17,384,385.4,387.4,376,5.97,0.47
2019-05-16,396.6,383.6,396.6,380.6,5.88,-2.14
2019-05-15,389.6,392,394,383.6,5.36,0.62
2019-05-14,400.2,389.6,402.4,389.2,7.68,-1.17
2019-05-13,407.4,394.2,408.4,390.8,5.29,-3.24
2019-05-10,410,407.4,420.8,407.4,5.46,-0.63
2019-05-09,415.6,410,419.2,408,4.97,-1.3
2019-05-08,428,415.4,433.6,414,7.44,-2.94
2019-05-07,448.6,428,448.6,428,7.16,-4.12
2019-05-06,434.8,446.4,447.8,434.2,5.76,0.63
2019-05-02,437.8,443.6,450.4,437.8,4.7,0.14
2019-04-30,450,443,450,435.6,6.6,-1.25
2019-04-29,445,448.6,450.4,444.6,8.84,1.45
2019-04-26,437,442.2,444.4,434.2,8.67,2.08
2019-04-25,443,433.2,443,430.2,5.59,-2.04
2019-04-24,443,442.2,443,439.2,11.03,-0.18
2019-04-23,444.8,443,444.8,442,10.13,0.23
2019-04-22,442,442,442,442,0,0
2019-04-19,442,442,442,442,0,0
2019-04-18,440.8,442,444.8,436.8,1.7,0.23
2019-04-17,445,441,455,438.8,8.27,-0.9
2019-04-16,443,445,450,440.6,3.12,0.45
2019-04-15,435,443,443,435,4.01,1.84
2019-04-12,440,435,440.6,434.8,2.82,-1.09
2019-04-11,444,439.8,444.4,437.4,3.43,-0.95
2019-04-10,434.4,444,444.6,434.4,6.67,2.54
2019-04-09,435,433,441,427.4,3.94,0.46
2019-04-08,430,431,431.6,427.8,3.32,0.23
2019-04-05,436.8,430,439,427,22.84,-1.83
2019-04-04,428.2,438,439.2,428.2,5.19,0.46
2019-04-03,429,436,436,429,4.03,1.96
2019-04-02,427,427.6,435,427,6.2,-0.09
2019-04-01,433.8,428,434.8,426.6,4.39,0.66
2019-03-29,432,425.2,432,425.2,8.34,-0.79
2019-03-28,430.2,428.6,435.2,428.6,2.81,-0.79
2019-03-27,438,432,438,429,6.92,-1.37
2019-03-26,438,438,441.6,434.6,6.7,0
2019-03-25,440,438,444.8,435,6.28,-0.95
2019-03-22,453.2,442.2,453.6,442.2,10.85,0
